<?xml version="1.0" encoding="UTF-8"?>
<!DOCTYPE hibernate-configuration PUBLIC
        "-//Hibernate/Hibernate Configuration DTD 3.0//EN"
        "http://www.hibernate.org/dtd/hibernate-configuration-3.0.dtd">
<hibernate-configuration>
    <session-factory>
        <!-- Configuration de la base de données -->
        <property name="hibernate.connection.driver_class">com.mysql.cj.jdbc.Driver</property>
        <property name="hibernate.connection.url">
  jdbc:mysql://localhost:3306/CY_RH?useSSL=false&amp;allowPublicKeyRetrieval=true&amp;serverTimezone=UTC
</property>


        <property name="hibernate.connection.username">root</property> 
        <property name="hibernate.connection.password">alex</property> <!--  mot de passe de SON prope sql A MODIFIER  -->
        
        <!-- Dialecte MySQL -->
        <property name="hibernate.dialect">org.hibernate.dialect.MySQLDialect</property>

        
        <!-- Afficher les requêtes SQL dans la console -->
        <property name="hibernate.show_sql">true</property>
        <property name="hibernate.format_sql">true</property>
        
        <!-- Mise à jour automatique du schéma (ne pas utiliser en production) -->
        <property name="hibernate.hbm2ddl.auto">update</property>
        
        <!-- Pool de connexions -->
        <property name="hibernate.c3p0.min_size">5</property>
        <property name="hibernate.c3p0.max_size">20</property>
        <property name="hibernate.c3p0.timeout">300</property>
        <property name="hibernate.c3p0.max_statements">50</property>
        
        <!-- Mapping des classes -->
        <mapping class="models.Employer"/>
        <mapping class="models.Departement"/>
		<mapping class="models.Projet"/>
        <mapping class="models.AffectationProjet"/>
        <mapping class="models.FicheDePaie"/>
    </session-factory>
</hibernate-configuration>